{
  "angry": 0.5416666666666666,
  "fear": 0.3333333333333333,
  "happy": 0.7142857142857143,
  "neutral": 0.6818181818181818,
  "sad": 0.5909090909090909,
  "surprise": 0.9230769230769231
}