{
  "angry": 0.5416666666666666,
  "fear": 0.5384615384615384,
  "happy": 0.631578947368421,
  "neutral": 0.5882352941176471,
  "sad": 0.64,
  "surprise": 0.7727272727272727
}